{
  "c4_config": {
    "jump_distance_threshold": 20.0,
    "target_speed": 60.0
  },
  "crossbow_config": {
    "calib_dists": [
      29.1,
      41.5,
      50.5,
      62.533,
      72.0,
      83.21,
      91.9,
      102.989,
      113.103,
      122.767,
      131.8,
      140.9,
      151.6,
      161.425,
      172.214,
      182.3,
      193.0,
      203.7,
      214.4,
      225.2
    ],
    "calib_drops_ratio": [
      0.0009,
      0.0083,
      0.0157,
      0.02791,
      0.0379,
      0.04819,
      0.0574,
      0.06777,
      0.07916,
      0.08983,
      0.0999,
      0.1101,
      0.1203,
      0.13041,
      0.14144,
      0.1518,
      0.162,
      0.1712,
      0.1814,
      0.1907
    ]
  },
  "mortar_config": {
    "a_param": 0.08,
    "auto_aim_distances": [
      121,
      133,
      145,
      157,
      169,
      181,
      193,
      204,
      216,
      228,
      239,
      250,
      262,
      273,
      284,
      295,
      307,
      317,
      328,
      339,
      350,
      360,
      371,
      381,
      391,
      401,
      411,
      421,
      431,
      440,
      450,
      459,
      468,
      477,
      486,
      495,
      503,
      512,
      520,
      528,
      536,
      544,
      551,
      559,
      566,
      573,
      580,
      587,
      593,
      600,
      606,
      612,
      618,
      624,
      629,
      634,
      639,
      644,
      649,
      653,
      658,
      662,
      666,
      669,
      673,
      676,
      679,
      682,
      685,
      687,
      689,
      691,
      693,
      695,
      696,
      697,
      698,
      699,
      700
    ],
    "auto_aim_key_delay_ms": 4,
    "auto_aim_reset_w_hold_ms": 1500,
    "direction_auto_aim_hold_ms": 180,
    "direction_auto_aim_kd": 0.012,
    "direction_auto_aim_ki": 0.0,
    "direction_auto_aim_kp": 0.045,
    "direction_auto_aim_max_step_px": 80.0,
    "direction_auto_aim_max_ms": 1800,
    "direction_auto_aim_step_delay_ms": 2,
    "direction_auto_aim_tolerance_px": 4.0,
    "b_param": 0.08,
    "fpp_dists": [
      30.67,
      41.5,
      52.3,
      63.1,
      73.9,
      84.7,
      95.5,
      106.3,
      117.1,
      127.9,
      138.7,
      149.5,
      160.3,
      171.1,
      181.9,
      192.7,
      203.5
    ],
    "fpp_elevations": [
      0.38,
      0.42,
      0.46,
      0.5,
      0.54,
      0.58,
      0.62,
      0.66,
      0.7,
      0.74,
      0.78,
      0.82,
      0.86,
      0.9,
      0.94,
      0.98,
      1.02
    ],
    "tpp_dists": [
      30.67,
      41.5,
      52.3,
      63.1,
      73.9,
      84.7,
      95.5,
      106.3,
      117.1,
      127.9,
      138.7,
      149.5,
      160.3,
      171.1,
      181.9,
      192.7,
      203.5
    ],
    "tpp_elevations": [
      0.38,
      0.42,
      0.46,
      0.5,
      0.54,
      0.58,
      0.62,
      0.66,
      0.7,
      0.74,
      0.78,
      0.82,
      0.86,
      0.9,
      0.94,
      0.98,
      1.02
    ]
  },
  "rocket_config": {
    "calib_dists": [
      16.4,
      38.409,
      50.822,
      63.128,
      75.0157234042553,
      86.32372340425536,
      96.33980851063832,
      107.64070212765958,
      118.23651063829786,
      128.33787234042558,
      138.4392340425532,
      146.7542340425532,
      153.63914893617022,
      159.6880638297872,
      163.56089361702132,
      168.02444680851065,
      171.2741595744681,
      174.95237234042554
    ],
    "calib_ratios": [
      0.03319999999999999,
      0.08030000000000001,
      0.11883,
      0.15699999999999997,
      0.19417762711864403,
      0.2234562711864407,
      0.259651525423729,
      0.29710440677966127,
      0.34200440677966126,
      0.39266203389830534,
      0.4545396610169494,
      0.5303291525423731,
      0.6106710169491526,
      0.6902805084745763,
      0.7647228813559322,
      0.850627627118644,
      0.9139667796610169,
      0.9979011490950878
    ],
    "end_y_ratio": 0.9
  },
  "throwables_config": {
    "arc_radius_ratio": 0.097,
    "calib_dists": [
      23.511,
      26.15806329113924,
      29.405936708860757,
      33.42,
      36.149556962025315,
      38.7653670886076,
      41.36381012658228,
      43.801316455696195,
      45.828253164556955,
      47.683126582278476,
      49.722810126582274
    ],
    "calib_elevations_ratio": [
      0.5074,
      0.5232631362491891,
      0.5481610179987024,
      0.5865645556440094,
      0.6205882283079901,
      0.6616236862472702,
      0.7069862436912018,
      0.7531924823943388,
      0.797764813596652,
      0.8447233450812618,
      0.9179500464425929
    ],
    "calib_times": [
      3.66167,
      3.4722378644067793,
      3.267900338983051,
      2.9966457288135575,
      2.7890317966101676,
      2.583895728813558,
      2.3361700000000005,
      2.1088211186440673,
      1.8784857288135597,
      1.6328957288135595,
      1.28808
    ],
    "grenade_total_time": 5.0,
    "jump_calib_dists": [
      50.0,
      52.65822784810126,
      55.14800000000001,
      57.848101265822784,
      60.52358227848101,
      64.51246835443042,
      66.83544303797468,
      69.9999999999999
    ],
    "jump_calib_elevations_ratio": [
      0.7697558192090395,
      0.7705475353506323,
      0.78085,
      0.7983035593220338,
      0.8388112952855185,
      0.912963699049138,
      0.9576355142064426,
      0.9773934673253606
    ],
    "jump_calib_times": [
      1.6234830056206073,
      1.553322489811575,
      1.4493921634682823,
      1.2742958611134148,
      1.0639914078933728,
      0.8638982494360185,
      0.7216395169410952,
      0.3292579067626635
    ],
    "jump_delay_after_release": 0.3,
    "jump_max_dist": 70.0,
    "jump_min_dist": 50.0
  },
  "vss_config": {
    "calib_dists": [
      101.1,
      122.5,
      147.171,
      169.9,
      196.1,
      221.304,
      242.0,
      263.266,
      280.051,
      307.676,
      333.203,
      353.485,
      372.368,
      406.2
    ],
    "calib_drops_ratio": [
      0.0009,
      0.0018,
      0.00348,
      0.00624,
      0.0101,
      0.01392,
      0.0175,
      0.02176,
      0.02504,
      0.03073,
      0.03599,
      0.04021,
      0.04306,
      0.0462
    ]
  }
}
