{
    "c4_config": {
        "jump_distance_threshold": 20.0,
        "target_speed": 60.0
    },
    "crossbow_config": {
        "calib_dists": [
            29.1,
            41.5,
            50.5,
            62.533,
            72.0,
            83.21,
            91.9,
            102.989,
            113.103,
            122.767,
            131.8,
            140.9,
            151.6,
            161.425,
            172.214,
            182.3,
            193.0,
            203.7,
            214.4,
            225.2
        ],
        "calib_drops_ratio": [
            0.0009,
            0.0083,
            0.0157,
            0.02791,
            0.0379,
            0.04819,
            0.0574,
            0.06777,
            0.07916,
            0.08983,
            0.0999,
            0.1101,
            0.1203,
            0.13041,
            0.14144,
            0.1518,
            0.162,
            0.1712,
            0.1814,
            0.1907
        ]
    },
    "mortar_config": {
        "a_param": 0.2,
        "auto_aim_distances": [
            121,
            133,
            145,
            157,
            169,
            181,
            193,
            204,
            216,
            228,
            239,
            250,
            262,
            273,
            284,
            295,
            307,
            317,
            328,
            339,
            350,
            360,
            371,
            381,
            391,
            401,
            411,
            421,
            431,
            440,
            450,
            459,
            468,
            477,
            486,
            495,
            503,
            512,
            520,
            528,
            536,
            544,
            551,
            559,
            566,
            573,
            580,
            587,
            593,
            600,
            606,
            612,
            618,
            624,
            629,
            634,
            639,
            644,
            649,
            653,
            658,
            662,
            666,
            669,
            673,
            676,
            679,
            682,
            685,
            687,
            689,
            691,
            693,
            695,
            696,
            697,
            698,
            699,
            700
        ],
        "auto_aim_key_delay_ms": 3,
        "auto_aim_reset_w_hold_ms": 1500,
        "b_param": 0.2,
        "fpp_dists": [
            30.67,
            41.5,
            52.3,
            63.1,
            73.9,
            84.7,
            95.5,
            106.3,
            117.1,
            127.9,
            138.7,
            149.5,
            160.3,
            171.1,
            181.9,
            192.7,
            203.5
        ],
        "fpp_elevations": [
            0.38,
            0.42,
            0.46,
            0.5,
            0.54,
            0.58,
            0.62,
            0.66,
            0.7,
            0.74,
            0.78,
            0.82,
            0.86,
            0.9,
            0.94,
            0.98,
            1.02
        ],
        "tpp_dists": [
            30.67,
            41.5,
            52.3,
            63.1,
            73.9,
            84.7,
            95.5,
            106.3,
            117.1,
            127.9,
            138.7,
            149.5,
            160.3,
            171.1,
            181.9,
            192.7,
            203.5
        ],
        "tpp_elevations": [
            0.38,
            0.42,
            0.46,
            0.5,
            0.54,
            0.58,
            0.62,
            0.66,
            0.7,
            0.74,
            0.78,
            0.82,
            0.86,
            0.9,
            0.94,
            0.98,
            1.02
        ]
    },
    "rocket_config": {
        "calib_dists": [
            16.4,
            21.6,
            31.0,
            38.409,
            43.3,
            50.822,
            56.476,
            63.128,
            68.782,
            74.103,
            78.427,
            85.411,
            94.058,
            101.708,
            110.022,
            119.667,
            129.312,
            137.627,
            145.881,
            153.299,
            159.91,
            166.199,
            169.834,
            171.592
        ],
        "calib_ratios": [
            0.0532,
            0.0648,
            0.0856,
            0.1003,
            0.1157,
            0.13883,
            0.15454,
            0.177,
            0.1972,
            0.21741,
            0.23762,
            0.27578,
            0.31844,
            0.36559,
            0.41049,
            0.46438,
            0.52949,
            0.59235,
            0.65653,
            0.72321,
            0.79442,
            0.87386,
            0.93726,
            0.99746
        ],
        "end_y_ratio": 0.9
    },
    "throwables_config": {
        "arc_radius_ratio": 0.097,
        "calib_dists": [
            23.511,
            26.253,
            29.311,
            33.42,
            35.485,
            37.816,
            41.079,
            44.276,
            46.208,
            47.873,
            49.438
        ],
        "calib_elevations_ratio": [
            0.5074,
            0.5046,
            0.5343,
            0.6194,
            0.6444,
            0.625,
            0.7148,
            0.7593,
            0.819,
            0.8954,
            0.95767
        ],
        "calib_times": [
            3.66167,
            3.48833,
            3.29767,
            3.07883,
            2.95317,
            2.79608,
            2.57617,
            2.29342,
            2.01067,
            1.66508,
            1.28808
        ],
        "grenade_total_time": 5.0,
        "jump_calib_dists": [
            50.0,
            55.21129113924051,
            57.91139240506329,
            60.71345569620252,
            64.19601265822786,
            69.873
        ],
        "jump_calib_elevations_ratio": [
            0.7697558192090395,
            0.78085,
            0.7983035593220338,
            0.8269534463276837,
            0.86959,
            0.86959
        ],
        "jump_calib_times": [
            1.7063807909604454,
            1.5692541807909486,
            1.3228863947697787,
            1.2277699999999838,
            1.1449416384180668,
            1.12933
        ],
        "jump_delay_after_release": 0.3,
        "jump_max_dist": 70.0,
        "jump_min_dist": 50.0
    },
    "vss_config": {
        "calib_dists": [
            101.1,
            122.5,
            147.171,
            169.9,
            196.1,
            221.304,
            242.0,
            263.266,
            280.051,
            307.676,
            333.203,
            353.485,
            372.368,
            406.2
        ],
        "calib_drops_ratio": [
            0.0009,
            0.0018,
            0.00348,
            0.00624,
            0.0101,
            0.01392,
            0.0175,
            0.02176,
            0.02504,
            0.03073,
            0.03599,
            0.04021,
            0.04306,
            0.0462
        ]
    }
}